Id,Type,Label
EVELYN,people,EVELYN
LAURA,people,LAURA
THERESA,people,THERESA
BRENDA,people,BRENDA
CHARLOTTE,people,CHARLOTTE
FRANCES,people,FRANCES
ELEANOR,people,ELEANOR
PEARL,people,PEARL
RUTH,people,RUTH
VERNE,people,VERNE
MYRNA,people,MYRNA
KATHERINE,people,KATHERINE
SYLVIA,people,SYLVIA
NORA,people,NORA
HELEN,people,HELEN
DOROTHY,people,DOROTHY
OLIVIA,people,OLIVIA
FLORA,people,FLORA
